Pregnancies,Glucose,BloodPressure,SkinThickness,Insulin,BMI,DiabetesPedigreeFunction,Age,Outcome
6.0,140.25,80.0,32.0,127.25,36.6,0.62625,41.0,1.0
3.3695780626988694,31.97261819513622,19.355807170644777,15.952217567727637,115.24400235133817,7.884160320375446,0.3313285950127749,11.760231540678685,0.47695137724279896
