Pregnancies,Glucose,BloodPressure,SkinThickness,Insulin,BMI,DiabetesPedigreeFunction,Age,Outcome
0.0,0.0,0.0,0.0,0.0,0.0,0.078,21.0,0.0
0.0,118.947265625,149.0576594900806,0.0,0.0,121.35959230567192,0.078,11.760231540678685,768.0
1.0,99.0,62.0,0.0,0.0,27.3,0.24375,24.0,0.0
3.0,117.0,72.0,23.0,30.5,32.0,0.3725,29.0,0.0
17.0,199.0,122.0,99.0,0.0,67.1,0.078,81.0,1.0
3.8450520833333335,120.89453125,69.10546875,20.536458333333332,79.79947916666667,31.992578124999998,0.47187630208333325,33.240885416666664,0.3489583333333333
